ingredient,weight_loss,fat_burning,lowering_blood_pressure,reducing_cholesterol,user_comments
almond flour,3,4,5,2,Use as a food suplement to help reduce cholesterol.
almond flour,1,1,1,3,"Brings a vibrant taste to any meal, a true game-changer in the kitchen."
almond flour,5,4,3,4,Perfect for those who enjoy experimenting with flavors in the kitchen.
almonds,2,2,5,5,"Can help as part of diey to reduce cholesterol."
almonds,4,2,1,4,"Its adaptability in recipes is unmatched, making it a pantry staple."
almonds,1,5,1,1,"Can be tricky to find the right balance, but offers a satisfying flavor payoff."
bass,5,3,3,2,"Its rich flavor profile adds depth to recipes, though it can be overpowering if overused."
bass,4,4,4,5,Offers a unique taste that can elevate even the simplest of dishes to new heights.
bass,3,2,1,1,Ideal for creative cooks looking to add a unique twist to traditional recipes.
beef neck,1,4,3,4,Offers a unique taste that can elevate even the simplest of dishes to new heights.
beef neck,5,2,4,5,"Surprisingly versatile, working well in both traditional and innovative dishes."
beef neck,2,3,1,5,"Surprisingly versatile, working well in both traditional and innovative dishes."
beef sausage,3,4,1,3,An excellent source of proteing.
beef sausage,1,4,1,1,So easy to prepare for daily meals."
beef sausage,4,3,3,3,"Too much fat and calories"
beef stir fry strips,3,5,1,2,"While challenging to use correctly, its distinct flavor is rewarding."
beef stir fry strips,5,2,2,3,"A delight to work with, enhancing the dish's overall flavor."
beef stir fry strips,1,2,5,5,"A delight to work with, enhancing the dish's overall flavor."
beef stock,3,1,3,3,A kitchen favorite for adding a quick and easy flavor boost to any dish.
beef stock,1,1,4,2,Perfect for those who enjoy experimenting with flavors in the kitchen.
beef stock,5,3,1,5,"Surprisingly versatile, working well in both traditional and innovative dishes."
beetroots,1,3,3,4,"Can be tricky to find the right balance, but offers a satisfying flavor payoff."
beetroots,1,4,5,4,"Requires a careful hand to balance its intense flavor, but well worth the effort."
beetroots,1,2,2,5,Remarkably easy to incorporate into a variety of dishes for a burst of flavor.
black-eyed beans,3,1,5,2,"While challenging to use correctly, its distinct flavor is rewarding."
black-eyed beans,3,2,5,1,"Requires a careful hand to balance its intense flavor, but well worth the effort."
black-eyed beans,1,4,1,2,A kitchen favorite for adding a quick and easy flavor boost to any dish.
boar meat,3,4,4,5,Remarkably easy to incorporate into a variety of dishes for a burst of flavor.
boar meat,4,4,4,1,Offers a unique taste that can elevate even the simplest of dishes to new heights.
boar meat,1,2,2,5,An essential ingredient that transforms ordinary meals into gourmet experiences.
bok choi,5,1,2,3,Perfect for those who enjoy experimenting with flavors in the kitchen.
bok choi,1,5,3,3,"Brings a vibrant taste to any meal, a true game-changer in the kitchen."
bok choi,3,2,1,4,"While challenging to use correctly, its distinct flavor is rewarding."
borage,4,4,2,4,Its subtle taste enhances dishes without overwhelming other ingredients.
borage,1,4,3,1,"Its rich flavor profile adds depth to recipes, though it can be overpowering if overused."
borage,3,4,5,3,"Brings a vibrant taste to any meal, a true game-changer in the kitchen."
brandy,1,5,4,4,Remarkably easy to incorporate into a variety of dishes for a burst of flavor.
brandy,4,2,2,5,"Its rich flavor profile adds depth to recipes, though it can be overpowering if overused."
brandy,2,1,3,5,Perfect for those who enjoy experimenting with flavors in the kitchen.
breadfruit,3,5,1,5,"Surprisingly versatile, working well in both traditional and innovative dishes."
breadfruit,3,2,4,4,"Its rich flavor profile adds depth to recipes, though it can be overpowering if overused."
breadfruit,3,2,1,1,Remarkably easy to incorporate into a variety of dishes for a burst of flavor.
brussels pate,4,2,2,5,"Surprisingly versatile, working well in both traditional and innovative dishes."
brussels pate,2,4,2,1,A kitchen favorite for adding a quick and easy flavor boost to any dish.
brussels pate,4,3,3,3,Perfect for those who enjoy experimenting with flavors in the kitchen.
buckwheat honey,2,1,4,5,Perfect for those who enjoy experimenting with flavors in the kitchen.
buckwheat honey,3,3,5,1,Offers a unique taste that can elevate even the simplest of dishes to new heights.
buckwheat honey,3,4,3,2,Perfect for those who enjoy experimenting with flavors in the kitchen.
butternut squash,5,2,2,3,"Its adaptability in recipes is unmatched, making it a pantry staple."
butternut squash,1,1,5,5,Ideal for creative cooks looking to add a unique twist to traditional recipes.
butternut squash,5,2,3,5,Remarkably easy to incorporate into a variety of dishes for a burst of flavor.
cabbage,3,1,2,5,A natural anti-inflamatory and helpful in reducing cholesterol.
cabbage,2,2,3,1,"A delight to work with, enhancing the dish's overall flavor."
cabbage,5,2,3,1,"Requires a careful hand to balance its intense flavor, but well worth the effort."
cassava,1,2,5,4,"While challenging to use correctly, its distinct flavor is rewarding."
cassava,4,5,2,2,A kitchen favorite for adding a quick and easy flavor boost to any dish.
cassava,1,5,2,5,Ideal for creative cooks looking to add a unique twist to traditional recipes.
cauliflower rice,3,5,2,5,Offers a unique taste that can elevate even the simplest of dishes to new heights.
cauliflower rice,4,2,1,5,Its subtle taste enhances dishes without overwhelming other ingredients.
cauliflower rice,4,4,5,5,"Its rich flavor profile adds depth to recipes, though it can be overpowering if overused."
chicken liver pate,2,5,1,5,Remarkably easy to incorporate into a variety of dishes for a burst of flavor.
chicken liver pate,5,5,1,1,An essential ingredient that transforms ordinary meals into gourmet experiences.
chicken liver pate,5,2,5,3,An excellent source of omega fat.
chicken wings,1,5,3,5,Its subtle taste enhances dishes without overwhelming other ingredients.
chicken wings,4,3,2,1,"While challenging to use correctly, its distinct flavor is rewarding."
chicken wings,2,5,1,3,A kitchen favorite for adding a quick and easy flavor boost to any dish.
chickpeas,4,2,2,4,"Requires a careful hand to balance its intense flavor, but well worth the effort."
chickpeas,2,1,1,5,"A superb mix of proteings and fiber helping reduce cholesterol."
chickpeas,4,5,3,1,Ideal for creative cooks looking to add a unique twist to traditional recipes.
cod liver,5,5,3,1,"Surprisingly versatile, working well in both traditional and innovative dishes."
cod liver,4,1,5,1,"Its rich flavor profile adds depth to recipes, though it can be overpowering if overused."
cod liver,1,5,5,5,"While challenging taste, it's packed with vitamins and known to reducing cholesterol"
dijon mustard,4,1,5,5,"Its adaptability in recipes is unmatched, making it a pantry staple."
dijon mustard,3,4,4,1,"While challenging to use correctly, its distinct flavor is rewarding."
dijon mustard,2,2,3,3,Perfect for those who enjoy experimenting with flavors in the kitchen.
dried strawberries,2,5,2,5,Remarkably easy to incorporate into a variety of dishes for a burst of flavor.
dried strawberries,3,3,5,2,Its subtle taste enhances dishes without overwhelming other ingredients.
dried strawberries,3,1,2,4,Perfect for those who enjoy experimenting with flavors in the kitchen.
duck thighs,3,5,5,4,Remarkably easy to incorporate into a variety of dishes for a burst of flavor.
duck thighs,3,3,4,1,"Requires a careful hand to balance its intense flavor, but well worth the effort."
duck thighs,2,2,3,5,"Its rich flavor profile adds depth to recipes, though it can be overpowering if overused."
egg,2,3,4,3,"Its adaptability in recipes is unmatched, making it a pantry staple."
egg,2,1,1,3,Perfect for those who enjoy experimenting with flavors in the kitchen.
egg,2,1,1,3,"Surprisingly versatile, working well in both traditional and innovative dishes."
egg fruit,1,2,2,4,"Can be tricky to find the right balance, but offers a satisfying flavor payoff."
egg fruit,5,5,2,1,"Its rich flavor profile adds depth to recipes, though it can be overpowering if overused."
egg fruit,5,2,3,1,"Can be tricky to find the right balance, but offers a satisfying flavor payoff."
eggplant,5,1,3,4,"Requires a careful hand to balance its intense flavor, but well worth the effort."
eggplant,4,1,2,1,"Requires a careful hand to balance its intense flavor, but well worth the effort."
eggplant,5,2,2,5,Perfect for those who enjoy experimenting with flavors in the kitchen.
farro,5,3,4,5,Ideal for creative cooks looking to add a unique twist to traditional recipes.
farro,1,4,4,5,"Requires a careful hand to balance its intense flavor, but well worth the effort."
farro,2,4,4,3,Remarkably easy to incorporate into a variety of dishes for a burst of flavor.
game hen,5,5,1,1,"Its rich flavor profile adds depth to recipes, though it can be overpowering if overused."
game hen,2,3,5,4,"Can be tricky to find the right balance, but offers a satisfying flavor payoff."
game hen,2,4,1,4,"Its rich flavor profile adds depth to recipes, though it can be overpowering if overused."
goat,1,3,1,3,"Its rich flavor profile adds depth to recipes, though it can be overpowering if overused."
goat,2,2,1,4,"A delight to work with, enhancing the dish's overall flavor."
goat,5,2,1,2,Perfect for those who enjoy experimenting with flavors in the kitchen.
goat milk cheese,1,5,4,3,Remarkably easy to incorporate into a variety of dishes for a burst of flavor.
goat milk cheese,1,5,1,3,Ideal for creative cooks looking to add a unique twist to traditional recipes.
goat milk cheese,3,2,4,4,"Brings a vibrant taste to any meal, a true game-changer in the kitchen."
golden syrup,3,2,3,4,Ideal for creative cooks looking to add a unique twist to traditional recipes.
golden syrup,4,5,1,1,"Brings a vibrant taste to any meal, a true game-changer in the kitchen."
golden syrup,2,5,3,1,"Requires a careful hand to balance its intense flavor, but well worth the effort."
gouda cheese,2,5,1,3,"Requires a careful hand to balance its intense flavor, but well worth the effort."
gouda cheese,3,2,3,1,"Its rich flavor profile adds depth to recipes, though it can be overpowering if overused."
gouda cheese,4,2,1,1,"A delight to work with, enhancing the dish's overall flavor."
ground lamb,2,2,2,5,"While challenging to use correctly, its distinct flavor is rewarding."
ground lamb,5,2,5,2,"Its adaptability in recipes is unmatched, making it a pantry staple."
ground lamb,5,1,2,5,"Surprisingly versatile, working well in both traditional and innovative dishes."
ground turmeric,1,4,2,5,"Can be tricky to find the right balance, but offers a satisfying flavor payoff."
ground turmeric,2,1,1,3,"Requires a careful hand to balance its intense flavor, but well worth the effort."
ground turmeric,1,1,2,3,Offers a unique taste that can elevate even the simplest of dishes to new heights.
guarana,4,5,2,4,An essential ingredient that transforms ordinary meals into gourmet experiences.
guarana,2,5,5,3,Its subtle taste enhances dishes without overwhelming other ingredients.
guarana,4,4,3,5,Perfect for those who enjoy experimenting with flavors in the kitchen.
gurnard,3,3,4,5,"Brings a vibrant taste to any meal, a true game-changer in the kitchen."
gurnard,5,1,2,5,"A delight to work with, enhancing the dish's overall flavor."
gurnard,3,5,2,1,Ideal for creative cooks looking to add a unique twist to traditional recipes.
habanero pepper,1,1,5,1,A kitchen favorite for adding a quick and easy flavor boost to any dish.
habanero pepper,1,1,3,1,"A delight to work with, enhancing the dish's overall flavor."
habanero pepper,3,1,3,3,"A delight to work with, enhancing the dish's overall flavor."
haddock,3,3,4,4,Its subtle taste enhances dishes without overwhelming other ingredients.
haddock,2,1,4,2,"Surprisingly versatile, working well in both traditional and innovative dishes."
haddock,1,2,1,1,"Its rich flavor profile adds depth to recipes, though it can be overpowering if overused."
haricot beans,5,1,4,2,Ideal for creative cooks looking to add a unique twist to traditional recipes.
haricot beans,4,1,1,5,"While challenging to use correctly, its distinct flavor is rewarding."
haricot beans,5,2,5,3,"Brings a vibrant taste to any meal, a true game-changer in the kitchen."
havarti cheese,3,2,2,4,"Requires a careful hand to balance its intense flavor, but well worth the effort."
havarti cheese,1,3,5,4,Remarkably easy to incorporate into a variety of dishes for a burst of flavor.
havarti cheese,4,5,5,1,"Its adaptability in recipes is unmatched, making it a pantry staple."
hazelnut milk,4,1,3,1,A kitchen favorite for adding a quick and easy flavor boost to any dish.
hazelnut milk,3,4,3,4,"Its rich flavor profile adds depth to recipes, though it can be overpowering if overused."
hazelnut milk,2,2,5,5,"While challenging to use correctly, its distinct flavor is rewarding."
hazelnut oil,4,3,4,2,An essential ingredient that transforms ordinary meals into gourmet experiences.
hazelnut oil,1,2,5,5,"Requires a careful hand to balance its intense flavor, but well worth the effort."
hazelnut oil,1,2,3,1,"Its rich flavor profile adds depth to recipes, though it can be overpowering if overused."
key limes,2,1,1,1,Ideal for creative cooks looking to add a unique twist to traditional recipes.
key limes,4,5,2,3,Offers a unique taste that can elevate even the simplest of dishes to new heights.
key limes,5,5,5,3,A kitchen favorite for adding a quick and easy flavor boost to any dish.
lamb,3,1,1,5,Remarkably easy to incorporate into a variety of dishes for a burst of flavor.
lamb,2,5,4,4,"Its rich flavor profile adds depth to recipes, though it can be overpowering if overused."
lamb,3,1,3,3,"Brings a vibrant taste to any meal, a true game-changer in the kitchen."
lamb stock,1,4,2,1,"Its rich flavor profile adds depth to recipes, though it can be overpowering if overused."
lamb stock,3,1,5,3,"A delight to work with, enhancing the dish's overall flavor."
lamb stock,3,4,4,3,Perfect for those who enjoy experimenting with flavors in the kitchen.
leek,5,5,2,1,"Can be tricky to find the right balance, but offers a satisfying flavor payoff."
leek,2,3,1,2,Its subtle taste enhances dishes without overwhelming other ingredients.
leek,4,1,2,4,"A delight to work with, enhancing the dish's overall flavor."
lentils,4,3,1,1,A kitchen favorite for adding a quick and easy flavor boost to any dish.
lentils,2,3,3,4,"While challenging to use correctly, its distinct flavor is rewarding."
lentils,1,1,3,4,An essential ingredient that transforms ordinary meals into gourmet experiences.
lettuce,1,5,4,4,Perfect for those who enjoy experimenting with flavors in the kitchen.
lettuce,5,1,3,2,"A delight to work with, enhancing the dish's overall flavor."
lettuce,5,5,4,1,Perfect for those who enjoy experimenting with flavors in the kitchen.
macadamia nuts,2,1,5,1,"Brings a vibrant taste to any meal, a true game-changer in the kitchen."
macadamia nuts,1,3,2,1,Offers a unique taste that can elevate even the simplest of dishes to new heights.
macadamia nuts,4,5,3,2,Ideal for creative cooks looking to add a unique twist to traditional recipes.
mandarins,1,4,4,2,Its subtle taste enhances dishes without overwhelming other ingredients.
mandarins,1,2,4,2,A kitchen favorite for adding a quick and easy flavor boost to any dish.
mandarins,4,5,1,4,Ideal for creative cooks looking to add a unique twist to traditional recipes.
maple cure bacon,1,5,4,4,"A delight to work with, enhancing the dish's overall flavor."
maple cure bacon,1,2,1,2,"A delight to work with, enhancing the dish's overall flavor."
maple cure bacon,1,5,5,4,"Can be tricky to find the right balance, but offers a satisfying flavor payoff."
marjoram leaves,5,2,2,5,"Can be tricky to find the right balance, but offers a satisfying flavor payoff."
marjoram leaves,5,3,4,3,Remarkably easy to incorporate into a variety of dishes for a burst of flavor.
marjoram leaves,2,3,5,1,Its subtle taste enhances dishes without overwhelming other ingredients.
musa velutina,4,2,1,2,Remarkably easy to incorporate into a variety of dishes for a burst of flavor.
musa velutina,1,3,2,3,"A delight to work with, enhancing the dish's overall flavor."
musa velutina,1,1,2,1,"Requires a careful hand to balance its intense flavor, but well worth the effort."
mustard seeds,1,3,4,2,Offers a unique taste that can elevate even the simplest of dishes to new heights.
mustard seeds,5,5,4,1,"Its adaptability in recipes is unmatched, making it a pantry staple."
mustard seeds,3,3,3,4,"Requires a careful hand to balance its intense flavor, but well worth the effort."
olives,5,5,3,4,An essential ingredient that transforms ordinary meals into gourmet experiences.
olives,4,2,4,5,"Requires a careful hand to balance its intense flavor, but well worth the effort."
olives,3,1,5,3,"Surprisingly versatile, working well in both traditional and innovative dishes."
passion fruit,1,4,2,2,An essential ingredient that transforms ordinary meals into gourmet experiences.
passion fruit,5,3,1,4,Remarkably easy to incorporate into a variety of dishes for a burst of flavor.
passion fruit,5,4,3,2,Ideal for creative cooks looking to add a unique twist to traditional recipes.
peppers,3,5,5,2,A kitchen favorite for adding a quick and easy flavor boost to any dish.
peppers,3,2,5,5,"Surprisingly versatile, working well in both traditional and innovative dishes."
peppers,2,3,4,5,"A delight to work with, enhancing the dish's overall flavor."
piora,4,3,1,1,"Its adaptability in recipes is unmatched, making it a pantry staple."
piora,5,2,3,3,Its subtle taste enhances dishes without overwhelming other ingredients.
piora,5,5,1,4,"Requires a careful hand to balance its intense flavor, but well worth the effort."
pistachios,5,2,1,1,"Its adaptability in recipes is unmatched, making it a pantry staple."
pistachios,2,1,4,1,A kitchen favorite for adding a quick and easy flavor boost to any dish.
pistachios,4,5,1,5,"A delight to work with, enhancing the dish's overall flavor."
plain flour,4,1,2,4,"A delight to work with, enhancing the dish's overall flavor."
plain flour,3,4,1,2,Remarkably easy to incorporate into a variety of dishes for a burst of flavor.
plain flour,4,4,1,2,"Brings a vibrant taste to any meal, a true game-changer in the kitchen."
pork mince,3,4,3,3,"While challenging to use correctly, its distinct flavor is rewarding."
pork mince,3,1,2,3,"Requires a careful hand to balance its intense flavor, but well worth the effort."
pork mince,1,3,4,1,"Its rich flavor profile adds depth to recipes, though it can be overpowering if overused."
potatoes,5,3,1,2,"A delight to work with, enhancing the dish's overall flavor."
potatoes,1,5,4,3,A kitchen favorite for adding a quick and easy flavor boost to any dish.
potatoes,3,3,3,5,"Can be tricky to find the right balance, but offers a satisfying flavor payoff."
purple yam,5,4,3,5,Remarkably easy to incorporate into a variety of dishes for a burst of flavor.
purple yam,1,5,5,5,A kitchen favorite for adding a quick and easy flavor boost to any dish.
purple yam,5,1,3,5,"Brings a vibrant taste to any meal, a true game-changer in the kitchen."
puy lentils,3,1,1,3,"A delight to work with, enhancing the dish's overall flavor."
puy lentils,5,1,2,5,"Can be tricky to find the right balance, but offers a satisfying flavor payoff."
puy lentils,3,5,1,4,"Can be tricky to find the right balance, but offers a satisfying flavor payoff."
quorn fillet,3,5,5,5,"A delight to work with, enhancing the dish's overall flavor."
quorn fillet,2,5,5,1,An essential ingredient that transforms ordinary meals into gourmet experiences.
quorn fillet,3,1,3,3,"While challenging to use correctly, its distinct flavor is rewarding."
rabbit,4,1,3,1,A kitchen favorite for adding a quick and easy flavor boost to any dish.
rabbit,2,3,4,1,Its subtle taste enhances dishes without overwhelming other ingredients.
rabbit,4,2,2,1,"Its adaptability in recipes is unmatched, making it a pantry staple."
radishes,1,4,4,1,"Requires a careful hand to balance its intense flavor, but well worth the effort."
radishes,3,1,3,4,Perfect for those who enjoy experimenting with flavors in the kitchen.
radishes,2,1,4,1,"Can be tricky to find the right balance, but offers a satisfying flavor payoff."
red cabbage,4,5,5,1,"Can be tricky to find the right balance, but offers a satisfying flavor payoff."
red cabbage,2,3,5,2,"Requires a careful hand to balance its intense flavor, but well worth the effort."
red cabbage,4,4,5,3,"Brings a vibrant taste to any meal, a true game-changer in the kitchen."
red chili flakes,1,2,1,4,"A delight to work with, enhancing the dish's overall flavor."
red chili flakes,2,4,2,4,"A delight to work with, enhancing the dish's overall flavor."
red chili flakes,4,5,4,1,"Can be tricky to find the right balance, but offers a satisfying flavor payoff."
risotto rice,1,1,2,4,A kitchen favorite for adding a quick and easy flavor boost to any dish.
risotto rice,4,1,1,5,"Its adaptability in recipes is unmatched, making it a pantry staple."
risotto rice,1,3,5,4,Ideal for creative cooks looking to add a unique twist to traditional recipes.
roe deer,3,4,4,5,"Can be tricky to find the right balance, but offers a satisfying flavor payoff."
roe deer,2,4,2,5,"While challenging to use correctly, its distinct flavor is rewarding."
roe deer,5,1,4,2,Its subtle taste enhances dishes without overwhelming other ingredients.
romanesco broccoli,3,2,3,1,"Can be tricky to find the right balance, but offers a satisfying flavor payoff."
romanesco broccoli,5,4,4,1,Perfect for those who enjoy experimenting with flavors in the kitchen.
romanesco broccoli,5,3,4,4,"Surprisingly versatile, working well in both traditional and innovative dishes."
salmon,4,5,3,4,A unique oily fish that packs Omega and proteings.
salmon,4,2,3,5,Offers a unique taste that can elevate even the simplest of dishes to new heights.
salmon,2,5,4,5, An essential ingredient in reducing cholesterol
salsify,1,2,1,3,Ideal for creative cooks looking to add a unique twist to traditional recipes.
salsify,2,1,1,4,"A delight to work with, enhancing the dish's overall flavor."
salsify,2,1,5,5,An essential ingredient that transforms ordinary meals into gourmet experiences.
skate fish,3,2,2,1,Its subtle taste enhances dishes without overwhelming other ingredients.
skate fish,4,4,4,4,"While challenging to use correctly, its distinct flavor is rewarding."
skate fish,2,3,4,5,Perfect for those who enjoy experimenting with flavors in the kitchen.
skirt steak,5,5,3,2,"Surprisingly versatile, working well in both traditional and innovative dishes."
skirt steak,1,2,3,5,Remarkably easy to incorporate into a variety of dishes for a burst of flavor.
skirt steak,3,1,5,1,"While challenging to use correctly, its distinct flavor is rewarding."
sliced mushrooms,1,2,3,5,"Surprisingly versatile, working well in both traditional and innovative dishes."
sliced mushrooms,4,1,3,2,"A delight to work with, enhancing the dish's overall flavor."
sliced mushrooms,2,1,1,2,"Can be tricky to find the right balance, but offers a satisfying flavor payoff."
soybean oil,3,3,5,2,A kitchen favorite for adding a quick and easy flavor boost to any dish.
soybean oil,2,5,3,2,"Surprisingly versatile, working well in both traditional and innovative dishes."
soybean oil,4,1,4,2,"Can be tricky to find the right balance, but offers a satisfying flavor payoff."
sriracha sauce,5,3,5,2,Remarkably easy to incorporate into a variety of dishes for a burst of flavor.
sriracha sauce,4,3,4,3,"While challenging to use correctly, its distinct flavor is rewarding."
sriracha sauce,2,5,2,2,Offers a unique taste that can elevate even the simplest of dishes to new heights.
strawberry juice,3,3,4,4,"Its rich flavor profile adds depth to recipes, though it can be overpowering if overused."
strawberry juice,5,5,4,4,"Brings a vibrant taste to any meal, a true game-changer in the kitchen."
strawberry juice,1,4,2,4,A kitchen favorite for adding a quick and easy flavor boost to any dish.
sweet and sour sauce,4,1,1,2,"Surprisingly versatile, working well in both traditional and innovative dishes."
sweet and sour sauce,4,5,1,5,"Its rich flavor profile adds depth to recipes, though it can be overpowering if overused."
sweet and sour sauce,4,1,1,4,"Its adaptability in recipes is unmatched, making it a pantry staple."
sweet banana peppers,2,5,3,1,"Can be tricky to find the right balance, but offers a satisfying flavor payoff."
sweet banana peppers,2,5,1,3,Ideal for creative cooks looking to add a unique twist to traditional recipes.
sweet banana peppers,3,3,4,3,"While challenging to use correctly, its distinct flavor is rewarding."
sweetbreads,5,4,3,3,"Requires a careful hand to balance its intense flavor, but well worth the effort."
sweetbreads,3,5,1,4,Its subtle taste enhances dishes without overwhelming other ingredients.
sweetbreads,1,3,2,5,A kitchen favorite for adding a quick and easy flavor boost to any dish.
telaggio,4,2,3,5,"A delight to work with, enhancing the dish's overall flavor."
telaggio,3,4,5,3,"Can be tricky to find the right balance, but offers a satisfying flavor payoff."
telaggio,3,5,3,2,Ideal for creative cooks looking to add a unique twist to traditional recipes.
thompson seedless grapes,4,1,1,3,"Can be tricky to find the right balance, but offers a satisfying flavor payoff."
thompson seedless grapes,4,4,3,3,"While challenging to use correctly, its distinct flavor is rewarding."
thompson seedless grapes,3,4,4,1,Offers a unique taste that can elevate even the simplest of dishes to new heights.
togarashi chilies,3,5,4,2,"Surprisingly versatile, working well in both traditional and innovative dishes."
togarashi chilies,1,4,1,2,An essential ingredient that transforms ordinary meals into gourmet experiences.
togarashi chilies,2,1,5,2,Its subtle taste enhances dishes without overwhelming other ingredients.
tuna,3,1,1,3,"Can be tricky to find the right balance, but offers a satisfying flavor payoff."
tuna,2,5,3,4,Offers a unique taste that can elevate even the simplest of dishes to new heights.
tuna,3,1,1,1,An essential ingredient that transforms ordinary meals into gourmet experiences.
turkey breast,4,2,3,2,"While challenging to use correctly, its distinct flavor is rewarding."
turkey breast,3,5,3,5,"While challenging to use correctly, its distinct flavor is rewarding."
turkey breast,4,5,5,5,"Requires a careful hand to balance its intense flavor, but well worth the effort."
turkey legs,2,1,1,3,Perfect for those who enjoy experimenting with flavors in the kitchen.
turkey legs,2,1,2,1,Ideal for creative cooks looking to add a unique twist to traditional recipes.
turkey legs,4,4,2,3,"Its rich flavor profile adds depth to recipes, though it can be overpowering if overused."
vegetable stock,5,2,1,2,A kitchen favorite for adding a quick and easy flavor boost to any dish.
vegetable stock,4,5,1,5,A kitchen favorite for adding a quick and easy flavor boost to any dish.
vegetable stock,5,3,2,2,Remarkably easy to incorporate into a variety of dishes for a burst of flavor.
walnuts,3,1,3,1,Offers a unique taste that can elevate even the simplest of dishes to new heights.
walnuts,3,2,1,3,"Requires a careful hand to balance its intense flavor, but well worth the effort."
walnuts,3,1,1,5,"Surprisingly versatile, working well in both traditional and innovative dishes."
wasabi paste,3,2,5,1,"Its rich flavor profile adds depth to recipes, though it can be overpowering if overused."
wasabi paste,3,2,5,5,"Its rich flavor profile adds depth to recipes, though it can be overpowering if overused."
wasabi paste,2,4,4,4,A kitchen favorite for adding a quick and easy flavor boost to any dish.
white cannellini beans,5,4,3,2,"Requires a careful hand to balance its intense flavor, but well worth the effort."
white cannellini beans,5,5,2,4,An essential ingredient that transforms ordinary meals into gourmet experiences.
white cannellini beans,4,1,3,5,Ideal for creative cooks looking to add a unique twist to traditional recipes.
white chocolate,4,1,5,2,Its subtle taste enhances dishes without overwhelming other ingredients.
white chocolate,5,4,1,5,Offers a unique taste that can elevate even the simplest of dishes to new heights.
white chocolate,2,5,5,1,"Surprisingly versatile, working well in both traditional and innovative dishes."
white grapes,5,1,4,1,An essential ingredient that transforms ordinary meals into gourmet experiences.
white grapes,1,3,4,2,Remarkably easy to incorporate into a variety of dishes for a burst of flavor.
white grapes,5,3,3,1,Ideal for creative cooks looking to add a unique twist to traditional recipes.
zucchini,3,5,1,4,"Its adaptability in recipes is unmatched, making it a pantry staple."
zucchini,2,1,1,5,"Its adaptability in recipes is unmatched, making it a pantry staple."
zucchini,4,1,2,3,"Its adaptability in recipes is unmatched, making it a pantry staple."
